dt_id,export_kwh,expected_sold_kwh,technical_loss_kwh,ntl_kwh,ntl_kwh_lo,ntl_kwh_hi,residual_pct,night_min_ratio,tamper_per_100m,brr_shortfall,neutral_flag,priority_score
DT_U_250_02,9086.584259655336,16006.307795918367,348.1444445767065,0.0,0.0,0.0,0.0,0.4638742198411287,6.122448979591836,0.07362716934034397,0.1,0.3333312718943166
DT_R_160_04,4491.956734539845,19661.653271571133,409.7590718348333,0.0,0.0,0.0,0.0,0.4662842986732627,3.3333333333333335,0.07976500765380024,0.1,0.2678809087670291
DT_P_200_03,6300.077751282314,18558.321971907666,473.3049849921114,0.0,0.0,0.0,0.0,0.49596810378925943,3.125,0.08675333041456956,0.0,0.2576673589887718
DT_U_250_01,7460.383929955455,16043.67247107438,299.2906901172262,0.0,0.0,0.0,0.0,0.5042470591992716,2.272727272727273,0.06937688875908365,0.0,0.2239085445848172
